[
    {
        "inputs": [
            {
                "internalType": "contract IERC20",
                "name": "_minatiToken",
                "type": "address"
            },
            {
                "internalType": "contract IERC20",
                "name": "_mbToken",
                "type": "address"
            }
        ],
        "stateMutability": "nonpayable",
        "type": "constructor"
    },
    {
        "anonymous": false,
        "inputs": [
            {
                "indexed": true,
                "internalType": "address",
                "name": "user",
                "type": "address"
            },
            {
                "indexed": false,
                "internalType": "uint256",
                "name": "lockedMB",
                "type": "uint256"
            }
        ],
        "name": "Claimed",
        "type": "event"
    },
    {
        "anonymous": false,
        "inputs": [
            {
                "indexed": true,
                "internalType": "address",
                "name": "user",
                "type": "address"
            }
        ],
        "name": "LockRevoked",
        "type": "event"
    },
    {
        "anonymous": false,
        "inputs": [],
        "name": "LockRevokedForAll",
        "type": "event"
    },
    {
        "anonymous": false,
        "inputs": [
            {
                "indexed": true,
                "internalType": "address",
                "name": "previousOwner",
                "type": "address"
            },
            {
                "indexed": true,
                "internalType": "address",
                "name": "newOwner",
                "type": "address"
            }
        ],
        "name": "OwnershipTransferred",
        "type": "event"
    },
    {
        "anonymous": false,
        "inputs": [
            {
                "indexed": true,
                "internalType": "address",
                "name": "user",
                "type": "address"
            },
            {
                "indexed": false,
                "internalType": "uint256",
                "name": "minatiAmount",
                "type": "uint256"
            },
            {
                "indexed": false,
                "internalType": "uint256",
                "name": "lockedMB",
                "type": "uint256"
            },
            {
                "indexed": false,
                "internalType": "uint256",
                "name": "instantExtraReward",
                "type": "uint256"
            },
            {
                "indexed": true,
                "internalType": "address",
                "name": "referrer",
                "type": "address"
            }
        ],
        "name": "Staked",
        "type": "event"
    },
    {
        "anonymous": false,
        "inputs": [
            {
                "indexed": true,
                "internalType": "address",
                "name": "token",
                "type": "address"
            },
            {
                "indexed": false,
                "internalType": "uint256",
                "name": "amount",
                "type": "uint256"
            }
        ],
        "name": "Withdrawn",
        "type": "event"
    },
    {
        "inputs": [
            {
                "internalType": "uint256",
                "name": "_stakeIndex",
                "type": "uint256"
            }
        ],
        "name": "claim",
        "outputs": [],
        "stateMutability": "nonpayable",
        "type": "function"
    },
    {
        "inputs": [],
        "name": "extraRewardPercent",
        "outputs": [
            {
                "internalType": "uint256",
                "name": "",
                "type": "uint256"
            }
        ],
        "stateMutability": "view",
        "type": "function"
    },
    {
        "inputs": [
            {
                "internalType": "address",
                "name": "_user",
                "type": "address"
            }
        ],
        "name": "getTotalStaked",
        "outputs": [
            {
                "internalType": "uint256",
                "name": "totalStaked",
                "type": "uint256"
            }
        ],
        "stateMutability": "view",
        "type": "function"
    },
    {
        "inputs": [
            {
                "internalType": "address",
                "name": "_user",
                "type": "address"
            }
        ],
        "name": "getUserRewardsAndReferrals",
        "outputs": [
            {
                "internalType": "uint256",
                "name": "totalExtraRewards",
                "type": "uint256"
            },
            {
                "internalType": "uint256",
                "name": "totalReferrals",
                "type": "uint256"
            }
        ],
        "stateMutability": "view",
        "type": "function"
    },
    {
        "inputs": [
            {
                "internalType": "address",
                "name": "_user",
                "type": "address"
            }
        ],
        "name": "getUserStakes",
        "outputs": [
            {
                "components": [
                    {
                        "internalType": "uint256",
                        "name": "stakedMB",
                        "type": "uint256"
                    },
                    {
                        "internalType": "uint256",
                        "name": "lockEndTime",
                        "type": "uint256"
                    },
                    {
                        "internalType": "bool",
                        "name": "claimed",
                        "type": "bool"
                    },
                    {
                        "internalType": "uint256",
                        "name": "extraReward",
                        "type": "uint256"
                    }
                ],
                "internalType": "struct MinatiStaking.StakeInfo[]",
                "name": "",
                "type": "tuple[]"
            }
        ],
        "stateMutability": "view",
        "type": "function"
    },
    {
        "inputs": [],
        "name": "lockPeriod",
        "outputs": [
            {
                "internalType": "uint256",
                "name": "",
                "type": "uint256"
            }
        ],
        "stateMutability": "view",
        "type": "function"
    },
    {
        "inputs": [],
        "name": "mbToken",
        "outputs": [
            {
                "internalType": "contract IERC20",
                "name": "",
                "type": "address"
            }
        ],
        "stateMutability": "view",
        "type": "function"
    },
    {
        "inputs": [],
        "name": "minatiToken",
        "outputs": [
            {
                "internalType": "contract IERC20",
                "name": "",
                "type": "address"
            }
        ],
        "stateMutability": "view",
        "type": "function"
    },
    {
        "inputs": [],
        "name": "owner",
        "outputs": [
            {
                "internalType": "address",
                "name": "",
                "type": "address"
            }
        ],
        "stateMutability": "view",
        "type": "function"
    },
    {
        "inputs": [
            {
                "internalType": "address",
                "name": "",
                "type": "address"
            }
        ],
        "name": "referralCount",
        "outputs": [
            {
                "internalType": "uint256",
                "name": "",
                "type": "uint256"
            }
        ],
        "stateMutability": "view",
        "type": "function"
    },
    {
        "inputs": [],
        "name": "referralRewardPercent",
        "outputs": [
            {
                "internalType": "uint256",
                "name": "",
                "type": "uint256"
            }
        ],
        "stateMutability": "view",
        "type": "function"
    },
    {
        "inputs": [
            {
                "internalType": "address",
                "name": "",
                "type": "address"
            }
        ],
        "name": "referrals",
        "outputs": [
            {
                "internalType": "address",
                "name": "",
                "type": "address"
            }
        ],
        "stateMutability": "view",
        "type": "function"
    },
    {
        "inputs": [
            {
                "internalType": "address",
                "name": "_user",
                "type": "address"
            }
        ],
        "name": "revokeLock",
        "outputs": [],
        "stateMutability": "nonpayable",
        "type": "function"
    },
    {
        "inputs": [],
        "name": "revokeLockForAll",
        "outputs": [],
        "stateMutability": "nonpayable",
        "type": "function"
    },
    {
        "inputs": [
            {
                "internalType": "uint256",
                "name": "_newPrice",
                "type": "uint256"
            }
        ],
        "name": "setTokenPrice",
        "outputs": [],
        "stateMutability": "nonpayable",
        "type": "function"
    },
    {
        "inputs": [
            {
                "internalType": "uint256",
                "name": "_amount",
                "type": "uint256"
            },
            {
                "internalType": "address",
                "name": "_referrer",
                "type": "address"
            }
        ],
        "name": "stake",
        "outputs": [],
        "stateMutability": "nonpayable",
        "type": "function"
    },
    {
        "inputs": [
            {
                "internalType": "uint256",
                "name": "",
                "type": "uint256"
            }
        ],
        "name": "stakers",
        "outputs": [
            {
                "internalType": "address",
                "name": "",
                "type": "address"
            }
        ],
        "stateMutability": "view",
        "type": "function"
    },
    {
        "inputs": [
            {
                "internalType": "address",
                "name": "",
                "type": "address"
            },
            {
                "internalType": "uint256",
                "name": "",
                "type": "uint256"
            }
        ],
        "name": "stakes",
        "outputs": [
            {
                "internalType": "uint256",
                "name": "stakedMB",
                "type": "uint256"
            },
            {
                "internalType": "uint256",
                "name": "lockEndTime",
                "type": "uint256"
            },
            {
                "internalType": "bool",
                "name": "claimed",
                "type": "bool"
            },
            {
                "internalType": "uint256",
                "name": "extraReward",
                "type": "uint256"
            }
        ],
        "stateMutability": "view",
        "type": "function"
    },
    {
        "inputs": [],
        "name": "stakingDisabled",
        "outputs": [
            {
                "internalType": "bool",
                "name": "",
                "type": "bool"
            }
        ],
        "stateMutability": "view",
        "type": "function"
    },
    {
        "inputs": [],
        "name": "tokenPrice",
        "outputs": [
            {
                "internalType": "uint256",
                "name": "",
                "type": "uint256"
            }
        ],
        "stateMutability": "view",
        "type": "function"
    },
    {
        "inputs": [
            {
                "internalType": "address",
                "name": "newOwner",
                "type": "address"
            }
        ],
        "name": "transferOwnership",
        "outputs": [],
        "stateMutability": "nonpayable",
        "type": "function"
    },
    {
        "inputs": [
            {
                "internalType": "address",
                "name": "_token",
                "type": "address"
            },
            {
                "internalType": "uint256",
                "name": "_amount",
                "type": "uint256"
            }
        ],
        "name": "withdrawTokens",
        "outputs": [],
        "stateMutability": "nonpayable",
        "type": "function"
    }
]